Model,Mean Nested CV Score,RMSE,MAE
GradientBoostingRegressor,26.536516158556275,20.716362585248692
GradientBoostingRegressor,-51706212.11904552,26.536516158556275,20.716362585248692
GradientBoostingRegressor,5892.414081629891,4863.486262808898
GradientBoostingRegressor,4581.987353026265,3826.2882534962796
GradientBoostingRegressor,685.0736707741193,548.8230108938524
GradientBoostingRegressor,-61445243.29838135,5892.414081629891,4863.486262808898
GradientBoostingRegressor,-61427794.23920792,4581.987353026265,3826.2882534962796
GradientBoostingRegressor,-45412964.94633008,685.0736707741193,548.8230108938524
GradientBoostingRegressor,156.54198843068107,127.22137740332072
GradientBoostingRegressor,3777.9774502159244,3108.701983647413
GradientBoostingRegressor,-46124530.342488214,156.54198843068107,127.22137740332072
GradientBoostingRegressor,-51934073.40588526,3777.9774502159244,3108.701983647413
GradientBoostingRegressor,0.9303401736086064,0.7513742405810168
GradientBoostingRegressor,-50202240.167502336,0.9303401736086064,0.7513742405810168
GradientBoostingRegressor,2034.2866017148071,1699.9711213984576
GradientBoostingRegressor,-53774215.177736305,2034.2866017148071,1699.9711213984576
GradientBoostingRegressor,31.967187755947133,25.138663359035707
GradientBoostingRegressor,-47763283.10975493,31.967187755947133,25.138663359035707
GradientBoostingRegressor,5892.414081629891,4863.486262808898
GradientBoostingRegressor,-60996264.7323937,5892.414081629891,4863.486262808898
GradientBoostingRegressor,156.54198843068107,127.22137740332079
GradientBoostingRegressor,-47209714.007670045,156.54198843068107,127.22137740332079
GradientBoostingRegressor,685.0736707741189,548.8230108938521
GradientBoostingRegressor,4583.7841182425045,3826.8595064059136
GradientBoostingRegressor,-46084310.626630835,685.0736707741189,548.8230108938521
GradientBoostingRegressor,3777.9774502159244,3108.701983647413
GradientBoostingRegressor,2035.2564980391771,1690.446650615217
GradientBoostingRegressor,-61227258.77167319,4583.7841182425045,3826.8595064059136
GradientBoostingRegressor,-51391917.52130251,3777.9774502159244,3108.701983647413
GradientBoostingRegressor,-50984640.41695918,2035.2564980391771,1690.446650615217
GradientBoostingRegressor,1.1395014073943837,0.9842742497999207
GradientBoostingRegressor,-46752575.150581524,1.1395014073943837,0.9842742497999207
