Model,Mean Nested CV Score,RMSE,MAE
LinearRegression,6085.346210294672,4672.358723065368
LinearRegression,-56112708.00865467,6085.346210294672,4672.358723065368
RandomForestRegressor,2349.2863355543905,1885.4337898936174
RandomForestRegressor,-48938868.4530347,2349.2863355543905,1885.4337898936174
GradientBoostingRegressor,833.0157995863073,634.8008203012557
GradientBoostingRegressor,-41012791.63647519,833.0157995863073,634.8008203012557
