Product,Predicted_Sales
ProductA,24245.653475651652
ProductB,11030.254214915829
ProductC,24232.904032812185
