Model,Mean Nested CV Score,RMSE,MAE
GradientBoostingRegressor,6795.045739924114,5575.309611169221
GradientBoostingRegressor,-61190741.22363754,6795.045739924114,5575.309611169221
GradientBoostingRegressor,5076.011581330383,3994.880919233281
GradientBoostingRegressor,-43710786.59426079,5076.011581330383,3994.880919233281
GradientBoostingRegressor,5792.053184111514,4740.896824834204
GradientBoostingRegressor,-59035757.11532824,5792.053184111514,4740.896824834204
GradientBoostingRegressor,3509.218537139271,2740.053134063502
GradientBoostingRegressor,-45786581.47193883,3509.218537139271,2740.053134063502
GradientBoostingRegressor,2208.3689213364655,1506.1421114240393
GradientBoostingRegressor,-34920847.949205264,2208.3689213364655,1506.1421114240393
GradientBoostingRegressor,1618.0920763726604,1117.0907767603153
GradientBoostingRegressor,-41277097.47581985,1618.0920763726604,1117.0907767603153
GradientBoostingRegressor,410.92146547107103,285.54228229728585
GradientBoostingRegressor,-41301010.0730186,410.92146547107103,285.54228229728585
GradientBoostingRegressor,68.33816751924375,47.026759450434184
GradientBoostingRegressor,-39971185.90914773,68.33816751924375,47.026759450434184
GradientBoostingRegressor,6795.045739924114,5575.309611169221
GradientBoostingRegressor,-61350924.59045267,6795.045739924114,5575.309611169221
GradientBoostingRegressor,5076.011581330383,3994.880919233283
GradientBoostingRegressor,-43376770.28750812,5076.011581330383,3994.880919233283
GradientBoostingRegressor,5792.053184111514,4740.896824834204
GradientBoostingRegressor,-59888108.87454395,5792.053184111514,4740.896824834204
GradientBoostingRegressor,3509.218537139271,2740.053134063503
GradientBoostingRegressor,-46212850.1062958,3509.218537139271,2740.053134063503
GradientBoostingRegressor,2332.338076735529,1633.2280546026668
GradientBoostingRegressor,-29823402.188218553,2332.338076735529,1633.2280546026668
GradientBoostingRegressor,1628.2986768030787,1156.5358251501007
GradientBoostingRegressor,-36961586.762807876,1628.2986768030787,1156.5358251501007
GradientBoostingRegressor,429.8269797061799,303.39342184798363
GradientBoostingRegressor,-39056227.977999315,429.8269797061799,303.39342184798363
GradientBoostingRegressor,68.68795773414655,47.91996247225997
GradientBoostingRegressor,-38240259.3414169,68.68795773414655,47.91996247225997
